depth_m,CDMR,age_ka,CDMR_output
626.125,4.1e-15,70395,4.1e-15
628.75,-0.01986,70420,-0.01986
631.0,-0.05096,70450,-0.05096
631.75,-0.05207,70460,-0.05207
632.375,-0.05317,70469,-0.05317
633.375,-0.04872,70483,-0.04872
635.875,-0.04626,70517,-0.04626
636.625,-0.04589,70528,-0.04589
637.5,-0.04018,70540,-0.04018
638.0,-0.0392,70547,-0.0392
