depth_m,Si,age_Ma
211.4,218276,5.900059
211.5,226314,5.900824
211.6,217472,5.901588
211.7,211345,5.902353
211.8,212023,5.903118
211.9,209282,5.903882
212.0,224736,5.904647
212.1,209773,5.905412
212.2,216301,5.906176
212.3,214653,5.906941
212.4,209408,5.907706
212.5,205165,5.908471
212.6,199812,5.909235
212.7,195704,5.91
212.8,197450,5.911143
212.9,204522,5.912286
213.0,201414,5.913429
213.1,205437,5.914571
213.2,210253,5.915714
213.3,207605,5.916857
