depth_m,CDMR,age_Ma,CDMR_output
212.0,-5.4e-13,5.904647,-5.4e-13
212.2,-66.1782,5.906176,-66.1782
212.8,-132.356,5.911143,-132.356
213.1,-188.528,5.914571,-188.528
213.4,-211.416,5.918,-211.416
213.8,-234.279,5.9268,-234.279
214.0,-215.107,5.9315,-215.107
214.2,-193.034,5.9365,-193.034
214.5,-168.408,5.941167,-168.408
214.8,-168.063,5.944417,-168.063
